{"_runtime":316.141896,"train/global_step":1,"_timestamp":1.7373693609780421e+09,"_wandb":{"runtime":458},"train/learning_rate":2e-05,"train/grad_norm":150.0845489501953,"train/epoch":0.001838235294117647,"_step":0,"train/loss":35.8402}