{"train/grad_norm":154.37615966796875,"train/learning_rate":2e-05,"_step":0,"_wandb":{"runtime":593},"train/global_step":1,"train/epoch":0.001838235294117647,"train/loss":35.8402,"_runtime":444.199591,"_timestamp":1.737367851991337e+09}