{"train/loss":3.0491,"_step":5,"train/grad_norm":60.739723205566406,"_timestamp":1.7373846493814e+09,"train/learning_rate":0.00012,"train/global_step":6,"_wandb":{"runtime":1966},"_runtime":1694.330222,"train/epoch":0.011029411764705883}