{"train/loss":35.8402,"_runtime":305.232493,"train/global_step":1,"_wandb":{"runtime":519},"_timestamp":1.737373537792726e+09,"train/grad_norm":160.06600952148438,"train/learning_rate":2e-05,"train/epoch":0.001838235294117647,"_step":0}